,responses,avg,median,stddev,min_val,max_val
Well versed with the subject,1001.0,7.497502497502498,8.0,1.6929984513412213,5.0,10.0
Explains concepts in an understandable way,1001.0,6.081918081918082,6.0,2.5971682112028764,2.0,10.0
Use of presentations,1001.0,5.942057942057942,6.0,1.4158528739383012,4.0,8.0
Degree of difficulty of assignments,1001.0,5.430569430569431,5.0,2.8690459347010413,1.0,10.0
Solves doubts willingly,1001.0,5.474525474525475,6.0,2.8746478740187302,1.0,10.0
Structuring of the course,1001.0,5.636363636363637,6.0,2.920211698428102,1.0,10.0
Provides support for students going above and beyond,1001.0,5.662337662337662,6.0,2.8916898398462636,1.0,10.0
Course recommendation based on relevance,1001.0,5.5984015984015985,6.0,2.886616954595368,1.0,10.0
